{
  "description": "Description",
  "label": "Create Random Hex",
  "category": "String Functions",
  "icon": "CreateIcon",
  "options": [{
    "meta": {
      "type": "Number"
    },
    "name": "size",
    "label": "Size",
    "info": "The length of the result string",
    "advanced": false    
  },{
    "meta": {
      "type": "Output",
      "output": {
        "type": "Text"
      }
    },
    "name": "result",
    "label": "Result",
    "info": "The result as the concatenated string"
  }],
  "yields": "NONE"
}